x,y
10,10
10,20
10,30
10,40
10,50
10,60
10,70
10,80
10,90
10,100
10,110
10,120
10,130
10,140
10,150
10,160
10,170
10,180
10,190
10,200
10,210
10,220
10,230
10,240
10,250
10,260
10,270
10,280
10,290
10,300
10,310
10,320
10,330
10,340
10,350
10,360
10,370
10,380
10,390
10,400
10,410
10,420
10,430
10,440
10,450
10,460
10,470
10,480
10,490
10,500
10,510
10,520
10,530
10,540
10,550
10,560
10,570
10,580
10,590
20,10
20,20
20,30
20,40
20,50
20,60
20,70
20,80
20,90
20,100
20,110
20,120
20,130
20,140
20,150
20,160
20,170
20,180
20,190
20,200
20,210
20,220
20,230
20,240
20,250
20,260
20,270
20,280
20,290
20,300
20,310
20,320
20,330
20,340
20,350
20,360
20,370
20,380
20,390
20,400
20,410
20,420
20,430
20,440
20,450
20,460
20,470
20,480
20,490
20,500
20,510
20,520
20,530
20,540
20,550
20,560
20,570
20,580
20,590
30,10
30,20
30,30
30,40
30,50
30,60
30,70
30,80
30,90
30,100
30,110
30,120
30,130
30,140
30,150
30,160
30,170
30,180
30,190
30,200
30,210
30,220
30,230
30,240
30,250
30,260
30,270
30,280
30,290
30,300
30,310
30,320
30,330
30,340
30,350
30,360
30,370
30,380
30,390
30,400
30,410
30,420
30,430
30,440
30,450
30,460
30,470
30,480
30,490
30,500
30,510
30,520
30,530
30,540
30,550
30,560
30,570
30,580
30,590
40,10
40,20
40,30
40,40
40,50
40,60
40,70
40,80
40,90
40,100
40,110
40,120
40,130
40,140
40,150
40,160
40,170
40,180
40,190
40,200
40,210
40,220
40,230
40,240
40,250
40,260
40,270
40,280
40,290
40,300
40,310
40,320
40,330
40,340
40,350
40,360
40,370
40,380
40,390
40,400
40,410
40,420
40,430
40,440
40,450
40,460
40,470
40,480
40,490
40,500
40,510
40,520
40,530
40,540
40,550
40,560
40,570
40,580
40,590
50,10
50,20
50,30
50,40
50,50
50,60
50,70
50,80
50,90
50,100
50,110
50,120
50,130
50,140
50,150
50,160
50,170
50,180
50,190
50,200
50,210
50,220
50,230
50,240
50,250
50,260
50,270
50,280
50,290
50,300
50,310
50,320
50,330
50,340
50,350
50,360
50,370
50,380
50,390
50,400
50,410
50,420
50,430
50,440
50,450
50,460
50,470
50,480
50,490
50,500
50,510
50,520
50,530
50,540
50,550
50,560
50,570
50,580
50,590
60,10
60,20
60,30
60,40
60,50
60,60
60,70
60,80
60,90
60,100
60,110
60,120
60,130
60,140
60,150
60,160
60,170
60,180
60,190
60,200
60,210
60,220
60,230
60,240
60,250
60,260
60,270
60,280
60,290
60,300
60,310
60,320
60,330
60,340
60,350
60,360
60,370
60,380
60,390
60,400
60,410
60,420
60,430
60,440
60,450
60,460
60,470
60,480
60,490
60,500
60,510
60,520
60,530
60,540
60,550
60,560
60,570
60,580
60,590
70,10
70,20
70,30
70,40
70,50
70,60
70,70
70,80
70,90
70,100
70,110
70,120
70,130
70,140
70,150
70,160
70,170
70,180
70,190
70,200
70,210
70,220
70,230
70,240
70,250
70,260
70,270
70,280
70,290
70,300
70,310
70,320
70,330
70,340
70,350
70,360
70,370
70,380
70,390
70,400
70,410
70,420
70,430
70,440
70,450
70,460
70,470
70,480
70,490
70,500
70,510
70,520
70,530
70,540
70,550
70,560
70,570
70,580
70,590
80,10
80,20
80,30
80,40
80,50
80,60
80,70
80,80
80,90
80,100
80,110
80,120
80,130
80,140
80,150
80,160
80,170
80,180
80,190
80,200
80,210
80,220
80,230
80,240
80,250
80,260
80,270
80,280
80,290
80,300
80,310
80,320
80,330
80,340
80,350
80,360
80,370
80,380
80,390
80,400
80,410
80,420
80,430
80,440
80,450
80,460
80,470
80,480
80,490
80,500
80,510
80,520
80,530
80,540
80,550
80,560
80,570
80,580
80,590
90,10
90,20
90,30
90,40
90,50
90,60
90,70
90,80
90,90
90,100
90,110
90,120
90,130
90,140
90,150
90,160
90,170
90,180
90,190
90,200
90,210
90,220
90,230
90,240
90,250
90,260
90,270
90,280
90,290
90,300
90,310
90,320
90,330
90,340
90,350
90,360
90,370
90,380
90,390
90,400
90,410
90,420
90,430
90,440
90,450
90,460
90,470
90,480
90,490
90,500
90,510
90,520
90,530
90,540
90,550
90,560
90,570
90,580
90,590
100,10
100,20
100,30
100,40
100,50
100,60
100,70
100,80
100,90
100,100
100,110
100,120
100,130
100,140
100,150
100,160
100,170
100,180
100,190
100,200
100,210
100,220
100,230
100,240
100,250
100,260
100,270
100,280
100,290
100,300
100,310
100,320
100,330
100,340
100,350
100,360
100,370
100,380
100,390
100,400
100,410
100,420
100,430
100,440
100,450
100,460
100,470
100,480
100,490
100,500
100,510
100,520
100,530
100,540
100,550
100,560
100,570
100,580
100,590
110,10
110,20
110,30
110,40
110,50
110,60
110,70
110,80
110,90
110,100
110,110
110,120
110,130
110,140
110,150
110,160
110,170
110,180
110,190
110,200
110,210
110,220
110,230
110,240
110,250
110,260
110,270
110,280
110,290
110,300
110,310
110,320
110,330
110,340
110,350
110,360
110,370
110,380
110,390
110,400
110,410
110,420
110,430
110,440
110,450
110,460
110,470
110,480
110,490
110,500
110,510
110,520
110,530
110,540
110,550
110,560
110,570
110,580
110,590
120,10
120,20
120,30
120,40
120,50
120,60
120,70
120,80
120,90
120,100
120,110
120,120
120,130
120,140
120,150
120,160
120,170
120,180
120,190
120,200
120,210
120,220
120,230
120,240
120,250
120,260
120,270
120,280
120,290
120,300
120,310
120,320
120,330
120,340
120,350
120,360
120,370
120,380
120,390
120,400
120,410
120,420
120,430
120,440
120,450
120,460
120,470
120,480
120,490
120,500
120,510
120,520
120,530
120,540
120,550
120,560
120,570
120,580
120,590
130,10
130,20
130,30
130,40
130,50
130,60
130,70
130,80
130,90
130,100
130,110
130,120
130,130
130,140
130,150
130,160
130,170
130,180
130,190
130,200
130,210
130,220
130,230
130,240
130,250
130,260
130,270
130,280
130,290
130,300
130,310
130,320
130,330
130,340
130,350
130,360
130,370
130,380
130,390
130,400
130,410
130,420
130,430
130,440
130,450
130,460
130,470
130,480
130,490
130,500
130,510
130,520
130,530
130,540
130,550
130,560
130,570
130,580
130,590
140,10
140,20
140,30
140,40
140,50
140,60
140,70
140,80
140,90
140,100
140,110
140,120
140,130
140,140
140,150
140,160
140,170
140,180
140,190
140,200
140,210
140,220
140,230
140,240
140,250
140,260
140,270
140,280
140,290
140,300
140,310
140,320
140,330
140,340
140,350
140,360
140,370
140,380
140,390
140,400
140,410
140,420
140,430
140,440
140,450
140,460
140,470
140,480
140,490
140,500
140,510
140,520
140,530
140,540
140,550
140,560
140,570
140,580
140,590
150,10
150,20
150,30
150,40
150,50
150,60
150,70
150,80
150,90
150,100
150,110
150,120
150,130
150,140
150,150
150,160
150,170
150,180
150,190
150,200
150,210
150,220
150,230
150,240
150,250
150,260
150,270
150,280
150,290
150,300
150,310
150,320
150,330
150,340
150,350
150,360
150,370
150,380
150,390
150,400
150,410
150,420
150,430
150,440
150,450
150,460
150,470
150,480
150,490
150,500
150,510
150,520
150,530
150,540
150,550
150,560
150,570
150,580
150,590
160,10
160,20
160,30
160,40
160,50
160,60
160,70
160,80
160,90
160,100
160,110
160,120
160,130
160,140
160,150
160,160
160,170
160,180
160,190
160,200
160,210
160,220
160,230
160,240
160,250
160,260
160,270
160,280
160,290
160,300
160,310
160,320
160,330
160,340
160,350
160,360
160,370
160,380
160,390
160,400
160,410
160,420
160,430
160,440
160,450
160,460
160,470
160,480
160,490
160,500
160,510
160,520
160,530
160,540
160,550
160,560
160,570
160,580
160,590
170,10
170,20
170,30
170,40
170,50
170,60
170,70
170,80
170,90
170,100
170,110
170,120
170,130
170,140
170,150
170,160
170,170
170,180
170,190
170,200
170,210
170,220
170,230
170,240
170,250
170,260
170,270
170,280
170,290
170,300
170,310
170,320
170,330
170,340
170,350
170,360
170,370
170,380
170,390
170,400
170,410
170,420
170,430
170,440
170,450
170,460
170,470
170,480
170,490
170,500
170,510
170,520
170,530
170,540
170,550
170,560
170,570
170,580
170,590
180,10
180,20
180,30
180,40
180,50
180,60
180,70
180,80
180,90
180,100
180,110
180,120
180,130
180,140
180,150
180,160
180,170
180,180
180,190
180,200
180,210
180,220
180,230
180,240
180,250
180,260
180,270
180,280
180,290
180,300
180,310
180,320
180,330
180,340
180,350
180,360
180,370
180,380
180,390
180,400
180,410
180,420
180,430
180,440
180,450
180,460
180,470
180,480
180,490
180,500
180,510
180,520
180,530
180,540
180,550
180,560
180,570
180,580
180,590
190,10
190,20
190,30
190,40
190,50
190,60
190,70
190,80
190,90
190,100
190,110
190,120
190,130
190,140
190,150
190,160
190,170
190,180
190,190
190,200
190,210
190,220
190,230
190,240
190,250
190,260
190,270
190,280
190,290
190,300
190,310
190,320
190,330
190,340
190,350
190,360
190,370
190,380
190,390
190,400
190,410
190,420
190,430
190,440
190,450
190,460
190,470
190,480
190,490
190,500
190,510
190,520
190,530
190,540
190,550
190,560
190,570
190,580
190,590
200,10
200,20
200,30
200,40
200,50
200,60
200,70
200,80
200,90
200,100
200,110
200,120
200,130
200,140
200,150
200,160
200,170
200,180
200,190
200,200
200,210
200,220
200,230
200,240
200,250
200,260
200,270
200,280
200,290
200,300
200,310
200,320
200,330
200,340
200,350
200,360
200,370
200,380
200,390
200,400
200,410
200,420
200,430
200,440
200,450
200,460
200,470
200,480
200,490
200,500
200,510
200,520
200,530
200,540
200,550
200,560
200,570
200,580
200,590
210,10
210,20
210,30
210,40
210,50
210,60
210,70
210,80
210,90
210,100
210,110
210,120
210,130
210,140
210,150
210,160
210,170
210,180
210,190
210,200
210,210
210,220
210,230
210,240
210,250
210,260
210,270
210,280
210,290
210,300
210,310
210,320
210,330
210,340
210,350
210,360
210,370
210,380
210,390
210,400
210,410
210,420
210,430
210,440
210,450
210,460
210,470
210,480
210,490
210,500
210,510
210,520
210,530
210,540
210,550
210,560
210,570
210,580
210,590
220,10
220,20
220,30
220,40
220,50
220,60
220,70
220,80
220,90
220,100
220,110
220,120
220,130
220,140
220,150
220,160
220,170
220,180
220,190
220,200
220,210
220,220
220,230
220,240
220,250
220,260
220,270
220,280
220,290
220,300
220,310
220,320
220,330
220,340
220,350
220,360
220,370
220,380
220,390
220,400
220,410
220,420
220,430
220,440
220,450
220,460
220,470
220,480
220,490
220,500
220,510
220,520
220,530
220,540
220,550
220,560
220,570
220,580
220,590
230,10
230,20
230,30
230,40
230,50
230,60
230,70
230,80
230,90
230,100
230,110
230,120
230,130
230,140
230,150
230,160
230,170
230,180
230,190
230,200
230,210
230,220
230,230
230,240
230,250
230,260
230,270
230,280
230,290
230,300
230,310
230,320
230,330
230,340
230,350
230,360
230,370
230,380
230,390
230,400
230,410
230,420
230,430
230,440
230,450
230,460
230,470
230,480
230,490
230,500
230,510
230,520
230,530
230,540
230,550
230,560
230,570
230,580
230,590
240,10
240,20
240,30
240,40
240,50
240,60
240,70
240,80
240,90
240,100
240,110
240,120
240,130
240,140
240,150
240,160
240,170
240,180
240,190
240,200
240,210
240,220
240,230
240,240
240,250
240,260
240,270
240,280
240,290
240,300
240,310
240,320
240,330
240,340
240,350
240,360
240,370
240,380
240,390
240,400
240,410
240,420
240,430
240,440
240,450
240,460
240,470
240,480
240,490
240,500
240,510
240,520
240,530
240,540
240,550
240,560
240,570
240,580
240,590
250,10
250,20
250,30
250,40
250,50
250,60
250,70
250,80
250,90
250,100
250,110
250,120
250,130
250,140
250,150
250,160
250,170
250,180
250,190
250,200
250,210
250,220
250,230
250,240
250,250
250,260
250,270
250,280
250,290
250,300
250,310
250,320
250,330
250,340
250,350
250,360
250,370
250,380
250,390
250,400
250,410
250,420
250,430
250,440
250,450
250,460
250,470
250,480
250,490
250,500
250,510
250,520
250,530
250,540
250,550
250,560
250,570
250,580
250,590
260,10
260,20
260,30
260,40
260,50
260,60
260,70
260,80
260,90
260,100
260,110
260,120
260,130
260,140
260,150
260,160
260,170
260,180
260,190
260,200
260,210
260,220
260,230
260,240
260,250
260,260
260,270
260,280
260,290
260,300
260,310
260,320
260,330
260,340
260,350
260,360
260,370
260,380
260,390
260,400
260,410
260,420
260,430
260,440
260,450
260,460
260,470
260,480
260,490
260,500
260,510
260,520
260,530
260,540
260,550
260,560
260,570
260,580
260,590
270,10
270,20
270,30
270,40
270,50
270,60
270,70
270,80
270,90
270,100
270,110
270,120
270,130
270,140
270,150
270,160
270,170
270,180
270,190
270,200
270,210
270,220
270,230
270,240
270,250
270,260
270,270
270,280
270,290
270,300
270,310
270,320
270,330
270,340
270,350
270,360
270,370
270,380
270,390
270,400
270,410
270,420
270,430
270,440
270,450
270,460
270,470
270,480
270,490
270,500
270,510
270,520
270,530
270,540
270,550
270,560
270,570
270,580
270,590
280,10
280,20
280,30
280,40
280,50
280,60
280,70
280,80
280,90
280,100
280,110
280,120
280,130
280,140
280,150
280,160
280,170
280,180
280,190
280,200
280,210
280,220
280,230
280,240
280,250
280,260
280,270
280,280
280,290
280,300
280,310
280,320
280,330
280,340
280,350
280,360
280,370
280,380
280,390
280,400
280,410
280,420
280,430
280,440
280,450
280,460
280,470
280,480
280,490
280,500
280,510
280,520
280,530
280,540
280,550
280,560
280,570
280,580
280,590
290,10
290,20
290,30
290,40
290,50
290,60
290,70
290,80
290,90
290,100
290,110
290,120
290,130
290,140
290,150
290,160
290,170
290,180
290,190
290,200
290,210
290,220
290,230
290,240
290,250
290,260
290,270
290,280
290,290
290,300
290,310
290,320
290,330
290,340
290,350
290,360
290,370
290,380
290,390
290,400
290,410
290,420
290,430
290,440
290,450
290,460
290,470
290,480
290,490
290,500
290,510
290,520
290,530
290,540
290,550
290,560
290,570
290,580
290,590
300,10
300,20
300,30
300,40
300,50
300,60
300,70
300,80
300,90
300,100
300,110
300,120
300,130
300,140
300,150
300,160
300,170
300,180
300,190
300,200
300,210
300,220
300,230
300,240
300,250
300,260
300,270
300,280
300,290
300,300
300,310
300,320
300,330
300,340
300,350
300,360
300,370
300,380
300,390
300,400
300,410
300,420
300,430
300,440
300,450
300,460
300,470
300,480
300,490
300,500
300,510
300,520
300,530
300,540
300,550
300,560
300,570
300,580
300,590
310,10
310,20
310,30
310,40
310,50
310,60
310,70
310,80
310,90
310,100
310,110
310,120
310,130
310,140
310,150
310,160
310,170
310,180
310,190
310,200
310,210
310,220
310,230
310,240
310,250
310,260
310,270
310,280
310,290
310,300
310,310
310,320
310,330
310,340
310,350
310,360
310,370
310,380
310,390
310,400
310,410
310,420
310,430
310,440
310,450
310,460
310,470
310,480
310,490
310,500
310,510
310,520
310,530
310,540
310,550
310,560
310,570
310,580
310,590
320,10
320,20
320,30
320,40
320,50
320,60
320,70
320,80
320,90
320,100
320,110
320,120
320,130
320,140
320,150
320,160
320,170
320,180
320,190
320,200
320,210
320,220
320,230
320,240
320,250
320,260
320,270
320,280
320,290
320,300
320,310
320,320
320,330
320,340
320,350
320,360
320,370
320,380
320,390
320,400
320,410
320,420
320,430
320,440
320,450
320,460
320,470
320,480
320,490
320,500
320,510
320,520
320,530
320,540
320,550
320,560
320,570
320,580
320,590
330,10
330,20
330,30
330,40
330,50
330,60
330,70
330,80
330,90
330,100
330,110
330,120
330,130
330,140
330,150
330,160
330,170
330,180
330,190
330,200
330,210
330,220
330,230
330,240
330,250
330,260
330,270
330,280
330,290
330,300
330,310
330,320
330,330
330,340
330,350
330,360
330,370
330,380
330,390
330,400
330,410
330,420
330,430
330,440
330,450
330,460
330,470
330,480
330,490
330,500
330,510
330,520
330,530
330,540
330,550
330,560
330,570
330,580
330,590
340,10
340,20
340,30
340,40
340,50
340,60
340,70
340,80
340,90
340,100
340,110
340,120
340,130
340,140
340,150
340,160
340,170
340,180
340,190
340,200
340,210
340,220
340,230
340,240
340,250
340,260
340,270
340,280
340,290
340,300
340,310
340,320
340,330
340,340
340,350
340,360
340,370
340,380
340,390
340,400
340,410
340,420
340,430
340,440
340,450
340,460
340,470
340,480
340,490
340,500
340,510
340,520
340,530
340,540
340,550
340,560
340,570
340,580
340,590
350,10
350,20
350,30
350,40
350,50
350,60
350,70
350,80
350,90
350,100
350,110
350,120
350,130
350,140
350,150
350,160
350,170
350,180
350,190
350,200
350,210
350,220
350,230
350,240
350,250
350,260
350,270
350,280
350,290
350,300
350,310
350,320
350,330
350,340
350,350
350,360
350,370
350,380
350,390
350,400
350,410
350,420
350,430
350,440
350,450
350,460
350,470
350,480
350,490
350,500
350,510
350,520
350,530
350,540
350,550
350,560
350,570
350,580
350,590
360,10
360,20
360,30
360,40
360,50
360,60
360,70
360,80
360,90
360,100
360,110
360,120
360,130
360,140
360,150
360,160
360,170
360,180
360,190
360,200
360,210
360,220
360,230
360,240
360,250
360,260
360,270
360,280
360,290
360,300
360,310
360,320
360,330
360,340
360,350
360,360
360,370
360,380
360,390
360,400
360,410
360,420
360,430
360,440
360,450
360,460
360,470
360,480
360,490
360,500
360,510
360,520
360,530
360,540
360,550
360,560
360,570
360,580
360,590
370,10
370,20
370,30
370,40
370,50
370,60
370,70
370,80
370,90
370,100
370,110
370,120
370,130
370,140
370,150
370,160
370,170
370,180
370,190
370,200
370,210
370,220
370,230
370,240
370,250
370,260
370,270
370,280
370,290
370,300
370,310
370,320
370,330
370,340
370,350
370,360
370,370
370,380
370,390
370,400
370,410
370,420
370,430
370,440
370,450
370,460
370,470
370,480
370,490
370,500
370,510
370,520
370,530
370,540
370,550
370,560
370,570
370,580
370,590
380,10
380,20
380,30
380,40
380,50
380,60
380,70
380,80
380,90
380,100
380,110
380,120
380,130
380,140
380,150
380,160
380,170
380,180
380,190
380,200
380,210
380,220
380,230
380,240
380,250
380,260
380,270
380,280
380,290
380,300
380,310
380,320
380,330
380,340
380,350
380,360
380,370
380,380
380,390
380,400
380,410
380,420
380,430
380,440
380,450
380,460
380,470
380,480
380,490
380,500
380,510
380,520
380,530
380,540
380,550
380,560
380,570
380,580
380,590
390,10
390,20
390,30
390,40
390,50
390,60
390,70
390,80
390,90
390,100
390,110
390,120
390,130
390,140
390,150
390,160
390,170
390,180
390,190
390,200
390,210
390,220
390,230
390,240
390,250
390,260
390,270
390,280
390,290
390,300
390,310
390,320
390,330
390,340
390,350
390,360
390,370
390,380
390,390
390,400
390,410
390,420
390,430
390,440
390,450
390,460
390,470
390,480
390,490
390,500
390,510
390,520
390,530
390,540
390,550
390,560
390,570
390,580
390,590
400,10
400,20
400,30
400,40
400,50
400,60
400,70
400,80
400,90
400,100
400,110
400,120
400,130
400,140
400,150
400,160
400,170
400,180
400,190
400,200
400,210
400,220
400,230
400,240
400,250
400,260
400,270
400,280
400,290
400,300
400,310
400,320
400,330
400,340
400,350
400,360
400,370
400,380
400,390
400,400
400,410
400,420
400,430
400,440
400,450
400,460
400,470
400,480
400,490
400,500
400,510
400,520
400,530
400,540
400,550
400,560
400,570
400,580
400,590
410,10
410,20
410,30
410,40
410,50
410,60
410,70
410,80
410,90
410,100
410,110
410,120
410,130
410,140
410,150
410,160
410,170
410,180
410,190
410,200
410,210
410,220
410,230
410,240
410,250
410,260
410,270
410,280
410,290
410,300
410,310
410,320
410,330
410,340
410,350
410,360
410,370
410,380
410,390
410,400
410,410
410,420
410,430
410,440
410,450
410,460
410,470
410,480
410,490
410,500
410,510
410,520
410,530
410,540
410,550
410,560
410,570
410,580
410,590
420,10
420,20
420,30
420,40
420,50
420,60
420,70
420,80
420,90
420,100
420,110
420,120
420,130
420,140
420,150
420,160
420,170
420,180
420,190
420,200
420,210
420,220
420,230
420,240
420,250
420,260
420,270
420,280
420,290
420,300
420,310
420,320
420,330
420,340
420,350
420,360
420,370
420,380
420,390
420,400
420,410
420,420
420,430
420,440
420,450
420,460
420,470
420,480
420,490
420,500
420,510
420,520
420,530
420,540
420,550
420,560
420,570
420,580
420,590
430,10
430,20
430,30
430,40
430,50
430,60
430,70
430,80
430,90
430,100
430,110
430,120
430,130
430,140
430,150
430,160
430,170
430,180
430,190
430,200
430,210
430,220
430,230
430,240
430,250
430,260
430,270
430,280
430,290
430,300
430,310
430,320
430,330
430,340
430,350
430,360
430,370
430,380
430,390
430,400
430,410
430,420
430,430
430,440
430,450
430,460
430,470
430,480
430,490
430,500
430,510
430,520
430,530
430,540
430,550
430,560
430,570
430,580
430,590
440,10
440,20
440,30
440,40
440,50
440,60
440,70
440,80
440,90
440,100
440,110
440,120
440,130
440,140
440,150
440,160
440,170
440,180
440,190
440,200
440,210
440,220
440,230
440,240
440,250
440,260
440,270
440,280
440,290
440,300
440,310
440,320
440,330
440,340
440,350
440,360
440,370
440,380
440,390
440,400
440,410
440,420
440,430
440,440
440,450
440,460
440,470
440,480
440,490
440,500
440,510
440,520
440,530
440,540
440,550
440,560
440,570
440,580
440,590
450,10
450,20
450,30
450,40
450,50
450,60
450,70
450,80
450,90
450,100
450,110
450,120
450,130
450,140
450,150
450,160
450,170
450,180
450,190
450,200
450,210
450,220
450,230
450,240
450,250
450,260
450,270
450,280
450,290
450,300
450,310
450,320
450,330
450,340
450,350
450,360
450,370
450,380
450,390
450,400
450,410
450,420
450,430
450,440
450,450
450,460
450,470
450,480
450,490
450,500
450,510
450,520
450,530
450,540
450,550
450,560
450,570
450,580
450,590
460,10
460,20
460,30
460,40
460,50
460,60
460,70
460,80
460,90
460,100
460,110
460,120
460,130
460,140
460,150
460,160
460,170
460,180
460,190
460,200
460,210
460,220
460,230
460,240
460,250
460,260
460,270
460,280
460,290
460,300
460,310
460,320
460,330
460,340
460,350
460,360
460,370
460,380
460,390
460,400
460,410
460,420
460,430
460,440
460,450
460,460
460,470
460,480
460,490
460,500
460,510
460,520
460,530
460,540
460,550
460,560
460,570
460,580
460,590
470,10
470,20
470,30
470,40
470,50
470,60
470,70
470,80
470,90
470,100
470,110
470,120
470,130
470,140
470,150
470,160
470,170
470,180
470,190
470,200
470,210
470,220
470,230
470,240
470,250
470,260
470,270
470,280
470,290
470,300
470,310
470,320
470,330
470,340
470,350
470,360
470,370
470,380
470,390
470,400
470,410
470,420
470,430
470,440
470,450
470,460
470,470
470,480
470,490
470,500
470,510
470,520
470,530
470,540
470,550
470,560
470,570
470,580
470,590
480,10
480,20
480,30
480,40
480,50
480,60
480,70
480,80
480,90
480,100
480,110
480,120
480,130
480,140
480,150
480,160
480,170
480,180
480,190
480,200
480,210
480,220
480,230
480,240
480,250
480,260
480,270
480,280
480,290
480,300
480,310
480,320
480,330
480,340
480,350
480,360
480,370
480,380
480,390
480,400
480,410
480,420
480,430
480,440
480,450
480,460
480,470
480,480
480,490
480,500
480,510
480,520
480,530
480,540
480,550
480,560
480,570
480,580
480,590
490,10
490,20
490,30
490,40
490,50
490,60
490,70
490,80
490,90
490,100
490,110
490,120
490,130
490,140
490,150
490,160
490,170
490,180
490,190
490,200
490,210
490,220
490,230
490,240
490,250
490,260
490,270
490,280
490,290
490,300
490,310
490,320
490,330
490,340
490,350
490,360
490,370
490,380
490,390
490,400
490,410
490,420
490,430
490,440
490,450
490,460
490,470
490,480
490,490
490,500
490,510
490,520
490,530
490,540
490,550
490,560
490,570
490,580
490,590
500,10
500,20
500,30
500,40
500,50
500,60
500,70
500,80
500,90
500,100
500,110
500,120
500,130
500,140
500,150
500,160
500,170
500,180
500,190
500,200
500,210
500,220
500,230
500,240
500,250
500,260
500,270
500,280
500,290
500,300
500,310
500,320
500,330
500,340
500,350
500,360
500,370
500,380
500,390
500,400
500,410
500,420
500,430
500,440
500,450
500,460
500,470
500,480
500,490
500,500
500,510
500,520
500,530
500,540
500,550
500,560
500,570
500,580
500,590
510,10
510,20
510,30
510,40
510,50
510,60
510,70
510,80
510,90
510,100
510,110
510,120
510,130
510,140
510,150
510,160
510,170
510,180
510,190
510,200
510,210
510,220
510,230
510,240
510,250
510,260
510,270
510,280
510,290
510,300
510,310
510,320
510,330
510,340
510,350
510,360
510,370
510,380
510,390
510,400
510,410
510,420
510,430
510,440
510,450
510,460
510,470
510,480
510,490
510,500
510,510
510,520
510,530
510,540
510,550
510,560
510,570
510,580
510,590
520,10
520,20
520,30
520,40
520,50
520,60
520,70
520,80
520,90
520,100
520,110
520,120
520,130
520,140
520,150
520,160
520,170
520,180
520,190
520,200
520,210
520,220
520,230
520,240
520,250
520,260
520,270
520,280
520,290
520,300
520,310
520,320
520,330
520,340
520,350
520,360
520,370
520,380
520,390
520,400
520,410
520,420
520,430
520,440
520,450
520,460
520,470
520,480
520,490
520,500
520,510
520,520
520,530
520,540
520,550
520,560
520,570
520,580
520,590
530,10
530,20
530,30
530,40
530,50
530,60
530,70
530,80
530,90
530,100
530,110
530,120
530,130
530,140
530,150
530,160
530,170
530,180
530,190
530,200
530,210
530,220
530,230
530,240
530,250
530,260
530,270
530,280
530,290
530,300
530,310
530,320
530,330
530,340
530,350
530,360
530,370
530,380
530,390
530,400
530,410
530,420
530,430
530,440
530,450
530,460
530,470
530,480
530,490
530,500
530,510
530,520
530,530
530,540
530,550
530,560
530,570
530,580
530,590
540,10
540,20
540,30
540,40
540,50
540,60
540,70
540,80
540,90
540,100
540,110
540,120
540,130
540,140
540,150
540,160
540,170
540,180
540,190
540,200
540,210
540,220
540,230
540,240
540,250
540,260
540,270
540,280
540,290
540,300
540,310
540,320
540,330
540,340
540,350
540,360
540,370
540,380
540,390
540,400
540,410
540,420
540,430
540,440
540,450
540,460
540,470
540,480
540,490
540,500
540,510
540,520
540,530
540,540
540,550
540,560
540,570
540,580
540,590
550,10
550,20
550,30
550,40
550,50
550,60
550,70
550,80
550,90
550,100
550,110
550,120
550,130
550,140
550,150
550,160
550,170
550,180
550,190
550,200
550,210
550,220
550,230
550,240
550,250
550,260
550,270
550,280
550,290
550,300
550,310
550,320
550,330
550,340
550,350
550,360
550,370
550,380
550,390
550,400
550,410
550,420
550,430
550,440
550,450
550,460
550,470
550,480
550,490
550,500
550,510
550,520
550,530
550,540
550,550
550,560
550,570
550,580
550,590
560,10
560,20
560,30
560,40
560,50
560,60
560,70
560,80
560,90
560,100
560,110
560,120
560,130
560,140
560,150
560,160
560,170
560,180
560,190
560,200
560,210
560,220
560,230
560,240
560,250
560,260
560,270
560,280
560,290
560,300
560,310
560,320
560,330
560,340
560,350
560,360
560,370
560,380
560,390
560,400
560,410
560,420
560,430
560,440
560,450
560,460
560,470
560,480
560,490
560,500
560,510
560,520
560,530
560,540
560,550
560,560
560,570
560,580
560,590
570,10
570,20
570,30
570,40
570,50
570,60
570,70
570,80
570,90
570,100
570,110
570,120
570,130
570,140
570,150
570,160
570,170
570,180
570,190
570,200
570,210
570,220
570,230
570,240
570,250
570,260
570,270
570,280
570,290
570,300
570,310
570,320
570,330
570,340
570,350
570,360
570,370
570,380
570,390
570,400
570,410
570,420
570,430
570,440
570,450
570,460
570,470
570,480
570,490
570,500
570,510
570,520
570,530
570,540
570,550
570,560
570,570
570,580
570,590
580,10
580,20
580,30
580,40
580,50
580,60
580,70
580,80
580,90
580,100
580,110
580,120
580,130
580,140
580,150
580,160
580,170
580,180
580,190
580,200
580,210
580,220
580,230
580,240
580,250
580,260
580,270
580,280
580,290
580,300
580,310
580,320
580,330
580,340
580,350
580,360
580,370
580,380
580,390
580,400
580,410
580,420
580,430
580,440
580,450
580,460
580,470
580,480
580,490
580,500
580,510
580,520
580,530
580,540
580,550
580,560
580,570
580,580
580,590
590,10
590,20
590,30
590,40
590,50
590,60
590,70
590,80
590,90
590,100
590,110
590,120
590,130
590,140
590,150
590,160
590,170
590,180
590,190
590,200
590,210
590,220
590,230
590,240
590,250
590,260
590,270
590,280
590,290
590,300
590,310
590,320
590,330
590,340
590,350
590,360
590,370
590,380
590,390
590,400
590,410
590,420
590,430
590,440
590,450
590,460
590,470
590,480
590,490
590,500
590,510
590,520
590,530
590,540
590,550
590,560
590,570
590,580
590,590
600,10
600,20
600,30
600,40
600,50
600,60
600,70
600,80
600,90
600,100
600,110
600,120
600,130
600,140
600,150
600,160
600,170
600,180
600,190
600,200
600,210
600,220
600,230
600,240
600,250
600,260
600,270
600,280
600,290
600,300
600,310
600,320
600,330
600,340
600,350
600,360
600,370
600,380
600,390
600,400
600,410
600,420
600,430
600,440
600,450
600,460
600,470
600,480
600,490
600,500
600,510
600,520
600,530
600,540
600,550
600,560
600,570
600,580
600,590
610,10
610,20
610,30
610,40
610,50
610,60
610,70
610,80
610,90
610,100
610,110
610,120
610,130
610,140
610,150
610,160
610,170
610,180
610,190
610,200
610,210
610,220
610,230
610,240
610,250
610,260
610,270
610,280
610,290
610,300
610,310
610,320
610,330
610,340
610,350
610,360
610,370
610,380
610,390
610,400
610,410
610,420
610,430
610,440
610,450
610,460
610,470
610,480
610,490
610,500
610,510
610,520
610,530
610,540
610,550
610,560
610,570
610,580
610,590
620,10
620,20
620,30
620,40
620,50
620,60
620,70
620,80
620,90
620,100
620,110
620,120
620,130
620,140
620,150
620,160
620,170
620,180
620,190
620,200
620,210
620,220
620,230
620,240
620,250
620,260
620,270
620,280
620,290
620,300
620,310
620,320
620,330
620,340
620,350
620,360
620,370
620,380
620,390
620,400
620,410
620,420
620,430
620,440
620,450
620,460
620,470
620,480
620,490
620,500
620,510
620,520
620,530
620,540
620,550
620,560
620,570
620,580
620,590
630,10
630,20
630,30
630,40
630,50
630,60
630,70
630,80
630,90
630,100
630,110
630,120
630,130
630,140
630,150
630,160
630,170
630,180
630,190
630,200
630,210
630,220
630,230
630,240
630,250
630,260
630,270
630,280
630,290
630,300
630,310
630,320
630,330
630,340
630,350
630,360
630,370
630,380
630,390
630,400
630,410
630,420
630,430
630,440
630,450
630,460
630,470
630,480
630,490
630,500
630,510
630,520
630,530
630,540
630,550
630,560
630,570
630,580
630,590
640,10
640,20
640,30
640,40
640,50
640,60
640,70
640,80
640,90
640,100
640,110
640,120
640,130
640,140
640,150
640,160
640,170
640,180
640,190
640,200
640,210
640,220
640,230
640,240
640,250
640,260
640,270
640,280
640,290
640,300
640,310
640,320
640,330
640,340
640,350
640,360
640,370
640,380
640,390
640,400
640,410
640,420
640,430
640,440
640,450
640,460
640,470
640,480
640,490
640,500
640,510
640,520
640,530
640,540
640,550
640,560
640,570
640,580
640,590
650,10
650,20
650,30
650,40
650,50
650,60
650,70
650,80
650,90
650,100
650,110
650,120
650,130
650,140
650,150
650,160
650,170
650,180
650,190
650,200
650,210
650,220
650,230
650,240
650,250
650,260
650,270
650,280
650,290
650,300
650,310
650,320
650,330
650,340
650,350
650,360
650,370
650,380
650,390
650,400
650,410
650,420
650,430
650,440
650,450
650,460
650,470
650,480
650,490
650,500
650,510
650,520
650,530
650,540
650,550
650,560
650,570
650,580
650,590
660,10
660,20
660,30
660,40
660,50
660,60
660,70
660,80
660,90
660,100
660,110
660,120
660,130
660,140
660,150
660,160
660,170
660,180
660,190
660,200
660,210
660,220
660,230
660,240
660,250
660,260
660,270
660,280
660,290
660,300
660,310
660,320
660,330
660,340
660,350
660,360
660,370
660,380
660,390
660,400
660,410
660,420
660,430
660,440
660,450
660,460
660,470
660,480
660,490
660,500
660,510
660,520
660,530
660,540
660,550
660,560
660,570
660,580
660,590
670,10
670,20
670,30
670,40
670,50
670,60
670,70
670,80
670,90
670,100
670,110
670,120
670,130
670,140
670,150
670,160
670,170
670,180
670,190
670,200
670,210
670,220
670,230
670,240
670,250
670,260
670,270
670,280
670,290
670,300
670,310
670,320
670,330
670,340
670,350
670,360
670,370
670,380
670,390
670,400
670,410
670,420
670,430
670,440
670,450
670,460
670,470
670,480
670,490
670,500
670,510
670,520
670,530
670,540
670,550
670,560
670,570
670,580
670,590
680,10
680,20
680,30
680,40
680,50
680,60
680,70
680,80
680,90
680,100
680,110
680,120
680,130
680,140
680,150
680,160
680,170
680,180
680,190
680,200
680,210
680,220
680,230
680,240
680,250
680,260
680,270
680,280
680,290
680,300
680,310
680,320
680,330
680,340
680,350
680,360
680,370
680,380
680,390
680,400
680,410
680,420
680,430
680,440
680,450
680,460
680,470
680,480
680,490
680,500
680,510
680,520
680,530
680,540
680,550
680,560
680,570
680,580
680,590
690,10
690,20
690,30
690,40
690,50
690,60
690,70
690,80
690,90
690,100
690,110
690,120
690,130
690,140
690,150
690,160
690,170
690,180
690,190
690,200
690,210
690,220
690,230
690,240
690,250
690,260
690,270
690,280
690,290
690,300
690,310
690,320
690,330
690,340
690,350
690,360
690,370
690,380
690,390
690,400
690,410
690,420
690,430
690,440
690,450
690,460
690,470
690,480
690,490
690,500
690,510
690,520
690,530
690,540
690,550
690,560
690,570
690,580
690,590
700,10
700,20
700,30
700,40
700,50
700,60
700,70
700,80
700,90
700,100
700,110
700,120
700,130
700,140
700,150
700,160
700,170
700,180
700,190
700,200
700,210
700,220
700,230
700,240
700,250
700,260
700,270
700,280
700,290
700,300
700,310
700,320
700,330
700,340
700,350
700,360
700,370
700,380
700,390
700,400
700,410
700,420
700,430
700,440
700,450
700,460
700,470
700,480
700,490
700,500
700,510
700,520
700,530
700,540
700,550
700,560
700,570
700,580
700,590
710,10
710,20
710,30
710,40
710,50
710,60
710,70
710,80
710,90
710,100
710,110
710,120
710,130
710,140
710,150
710,160
710,170
710,180
710,190
710,200
710,210
710,220
710,230
710,240
710,250
710,260
710,270
710,280
710,290
710,300
710,310
710,320
710,330
710,340
710,350
710,360
710,370
710,380
710,390
710,400
710,410
710,420
710,430
710,440
710,450
710,460
710,470
710,480
710,490
710,500
710,510
710,520
710,530
710,540
710,550
710,560
710,570
710,580
710,590
720,10
720,20
720,30
720,40
720,50
720,60
720,70
720,80
720,90
720,100
720,110
720,120
720,130
720,140
720,150
720,160
720,170
720,180
720,190
720,200
720,210
720,220
720,230
720,240
720,250
720,260
720,270
720,280
720,290
720,300
720,310
720,320
720,330
720,340
720,350
720,360
720,370
720,380
720,390
720,400
720,410
720,420
720,430
720,440
720,450
720,460
720,470
720,480
720,490
720,500
720,510
720,520
720,530
720,540
720,550
720,560
720,570
720,580
720,590
730,10
730,20
730,30
730,40
730,50
730,60
730,70
730,80
730,90
730,100
730,110
730,120
730,130
730,140
730,150
730,160
730,170
730,180
730,190
730,200
730,210
730,220
730,230
730,240
730,250
730,260
730,270
730,280
730,290
730,300
730,310
730,320
730,330
730,340
730,350
730,360
730,370
730,380
730,390
730,400
730,410
730,420
730,430
730,440
730,450
730,460
730,470
730,480
730,490
730,500
730,510
730,520
730,530
730,540
730,550
730,560
730,570
730,580
730,590
740,10
740,20
740,30
740,40
740,50
740,60
740,70
740,80
740,90
740,100
740,110
740,120
740,130
740,140
740,150
740,160
740,170
740,180
740,190
740,200
740,210
740,220
740,230
740,240
740,250
740,260
740,270
740,280
740,290
740,300
740,310
740,320
740,330
740,340
740,350
740,360
740,370
740,380
740,390
740,400
740,410
740,420
740,430
740,440
740,450
740,460
740,470
740,480
740,490
740,500
740,510
740,520
740,530
740,540
740,550
740,560
740,570
740,580
740,590
750,10
750,20
750,30
750,40
750,50
750,60
750,70
750,80
750,90
750,100
750,110
750,120
750,130
750,140
750,150
750,160
750,170
750,180
750,190
750,200
750,210
750,220
750,230
750,240
750,250
750,260
750,270
750,280
750,290
750,300
750,310
750,320
750,330
750,340
750,350
750,360
750,370
750,380
750,390
750,400
750,410
750,420
750,430
750,440
750,450
750,460
750,470
750,480
750,490
750,500
750,510
750,520
750,530
750,540
750,550
750,560
750,570
750,580
750,590
760,10
760,20
760,30
760,40
760,50
760,60
760,70
760,80
760,90
760,100
760,110
760,120
760,130
760,140
760,150
760,160
760,170
760,180
760,190
760,200
760,210
760,220
760,230
760,240
760,250
760,260
760,270
760,280
760,290
760,300
760,310
760,320
760,330
760,340
760,350
760,360
760,370
760,380
760,390
760,400
760,410
760,420
760,430
760,440
760,450
760,460
760,470
760,480
760,490
760,500
760,510
760,520
760,530
760,540
760,550
760,560
760,570
760,580
760,590
770,10
770,20
770,30
770,40
770,50
770,60
770,70
770,80
770,90
770,100
770,110
770,120
770,130
770,140
770,150
770,160
770,170
770,180
770,190
770,200
770,210
770,220
770,230
770,240
770,250
770,260
770,270
770,280
770,290
770,300
770,310
770,320
770,330
770,340
770,350
770,360
770,370
770,380
770,390
770,400
770,410
770,420
770,430
770,440
770,450
770,460
770,470
770,480
770,490
770,500
770,510
770,520
770,530
770,540
770,550
770,560
770,570
770,580
770,590
780,10
780,20
780,30
780,40
780,50
780,60
780,70
780,80
780,90
780,100
780,110
780,120
780,130
780,140
780,150
780,160
780,170
780,180
780,190
780,200
780,210
780,220
780,230
780,240
780,250
780,260
780,270
780,280
780,290
780,300
780,310
780,320
780,330
780,340
780,350
780,360
780,370
780,380
780,390
780,400
780,410
780,420
780,430
780,440
780,450
780,460
780,470
780,480
780,490
780,500
780,510
780,520
780,530
780,540
780,550
780,560
780,570
780,580
780,590
790,10
790,20
790,30
790,40
790,50
790,60
790,70
790,80
790,90
790,100
790,110
790,120
790,130
790,140
790,150
790,160
790,170
790,180
790,190
790,200
790,210
790,220
790,230
790,240
790,250
790,260
790,270
790,280
790,290
790,300
790,310
790,320
790,330
790,340
790,350
790,360
790,370
790,380
790,390
790,400
790,410
790,420
790,430
790,440
790,450
790,460
790,470
790,480
790,490
790,500
790,510
790,520
790,530
790,540
790,550
790,560
790,570
790,580
790,590
800,10
800,20
800,30
800,40
800,50
800,60
800,70
800,80
800,90
800,100
800,110
800,120
800,130
800,140
800,150
800,160
800,170
800,180
800,190
800,200
800,210
800,220
800,230
800,240
800,250
800,260
800,270
800,280
800,290
800,300
800,310
800,320
800,330
800,340
800,350
800,360
800,370
800,380
800,390
800,400
800,410
800,420
800,430
800,440
800,450
800,460
800,470
800,480
800,490
800,500
800,510
800,520
800,530
800,540
800,550
800,560
800,570
800,580
800,590
810,10
810,20
810,30
810,40
810,50
810,60
810,70
810,80
810,90
810,100
810,110
810,120
810,130
810,140
810,150
810,160
810,170
810,180
810,190
810,200
810,210
810,220
810,230
810,240
810,250
810,260
810,270
810,280
810,290
810,300
810,310
810,320
810,330
810,340
810,350
810,360
810,370
810,380
810,390
810,400
810,410
810,420
810,430
810,440
810,450
810,460
810,470
810,480
810,490
810,500
810,510
810,520
810,530
810,540
810,550
810,560
810,570
810,580
810,590
820,10
820,20
820,30
820,40
820,50
820,60
820,70
820,80
820,90
820,100
820,110
820,120
820,130
820,140
820,150
820,160
820,170
820,180
820,190
820,200
820,210
820,220
820,230
820,240
820,250
820,260
820,270
820,280
820,290
820,300
820,310
820,320
820,330
820,340
820,350
820,360
820,370
820,380
820,390
820,400
820,410
820,420
820,430
820,440
820,450
820,460
820,470
820,480
820,490
820,500
820,510
820,520
820,530
820,540
820,550
820,560
820,570
820,580
820,590
830,10
830,20
830,30
830,40
830,50
830,60
830,70
830,80
830,90
830,100
830,110
830,120
830,130
830,140
830,150
830,160
830,170
830,180
830,190
830,200
830,210
830,220
830,230
830,240
830,250
830,260
830,270
830,280
830,290
830,300
830,310
830,320
830,330
830,340
830,350
830,360
830,370
830,380
830,390
830,400
830,410
830,420
830,430
830,440
830,450
830,460
830,470
830,480
830,490
830,500
830,510
830,520
830,530
830,540
830,550
830,560
830,570
830,580
830,590
840,10
840,20
840,30
840,40
840,50
840,60
840,70
840,80
840,90
840,100
840,110
840,120
840,130
840,140
840,150
840,160
840,170
840,180
840,190
840,200
840,210
840,220
840,230
840,240
840,250
840,260
840,270
840,280
840,290
840,300
840,310
840,320
840,330
840,340
840,350
840,360
840,370
840,380
840,390
840,400
840,410
840,420
840,430
840,440
840,450
840,460
840,470
840,480
840,490
840,500
840,510
840,520
840,530
840,540
840,550
840,560
840,570
840,580
840,590
850,10
850,20
850,30
850,40
850,50
850,60
850,70
850,80
850,90
850,100
850,110
850,120
850,130
850,140
850,150
850,160
850,170
850,180
850,190
850,200
850,210
850,220
850,230
850,240
850,250
850,260
850,270
850,280
850,290
850,300
850,310
850,320
850,330
850,340
850,350
850,360
850,370
850,380
850,390
850,400
850,410
850,420
850,430
850,440
850,450
850,460
850,470
850,480
850,490
850,500
850,510
850,520
850,530
850,540
850,550
850,560
850,570
850,580
850,590
860,10
860,20
860,30
860,40
860,50
860,60
860,70
860,80
860,90
860,100
860,110
860,120
860,130
860,140
860,150
860,160
860,170
860,180
860,190
860,200
860,210
860,220
860,230
860,240
860,250
860,260
860,270
860,280
860,290
860,300
860,310
860,320
860,330
860,340
860,350
860,360
860,370
860,380
860,390
860,400
860,410
860,420
860,430
860,440
860,450
860,460
860,470
860,480
860,490
860,500
860,510
860,520
860,530
860,540
860,550
860,560
860,570
860,580
860,590
870,10
870,20
870,30
870,40
870,50
870,60
870,70
870,80
870,90
870,100
870,110
870,120
870,130
870,140
870,150
870,160
870,170
870,180
870,190
870,200
870,210
870,220
870,230
870,240
870,250
870,260
870,270
870,280
870,290
870,300
870,310
870,320
870,330
870,340
870,350
870,360
870,370
870,380
870,390
870,400
870,410
870,420
870,430
870,440
870,450
870,460
870,470
870,480
870,490
870,500
870,510
870,520
870,530
870,540
870,550
870,560
870,570
870,580
870,590
880,10
880,20
880,30
880,40
880,50
880,60
880,70
880,80
880,90
880,100
880,110
880,120
880,130
880,140
880,150
880,160
880,170
880,180
880,190
880,200
880,210
880,220
880,230
880,240
880,250
880,260
880,270
880,280
880,290
880,300
880,310
880,320
880,330
880,340
880,350
880,360
880,370
880,380
880,390
880,400
880,410
880,420
880,430
880,440
880,450
880,460
880,470
880,480
880,490
880,500
880,510
880,520
880,530
880,540
880,550
880,560
880,570
880,580
880,590
890,10
890,20
890,30
890,40
890,50
890,60
890,70
890,80
890,90
890,100
890,110
890,120
890,130
890,140
890,150
890,160
890,170
890,180
890,190
890,200
890,210
890,220
890,230
890,240
890,250
890,260
890,270
890,280
890,290
890,300
890,310
890,320
890,330
890,340
890,350
890,360
890,370
890,380
890,390
890,400
890,410
890,420
890,430
890,440
890,450
890,460
890,470
890,480
890,490
890,500
890,510
890,520
890,530
890,540
890,550
890,560
890,570
890,580
890,590
900,10
900,20
900,30
900,40
900,50
900,60
900,70
900,80
900,90
900,100
900,110
900,120
900,130
900,140
900,150
900,160
900,170
900,180
900,190
900,200
900,210
900,220
900,230
900,240
900,250
900,260
900,270
900,280
900,290
900,300
900,310
900,320
900,330
900,340
900,350
900,360
900,370
900,380
900,390
900,400
900,410
900,420
900,430
900,440
900,450
900,460
900,470
900,480
900,490
900,500
900,510
900,520
900,530
900,540
900,550
900,560
900,570
900,580
900,590
910,10
910,20
910,30
910,40
910,50
910,60
910,70
910,80
910,90
910,100
910,110
910,120
910,130
910,140
910,150
910,160
910,170
910,180
910,190
910,200
910,210
910,220
910,230
910,240
910,250
910,260
910,270
910,280
910,290
910,300
910,310
910,320
910,330
910,340
910,350
910,360
910,370
910,380
910,390
910,400
910,410
910,420
910,430
910,440
910,450
910,460
910,470
910,480
910,490
910,500
910,510
910,520
910,530
910,540
910,550
910,560
910,570
910,580
910,590
920,10
920,20
920,30
920,40
920,50
920,60
920,70
920,80
920,90
920,100
920,110
920,120
920,130
920,140
920,150
920,160
920,170
920,180
920,190
920,200
920,210
920,220
920,230
920,240
920,250
920,260
920,270
920,280
920,290
920,300
920,310
920,320
920,330
920,340
920,350
920,360
920,370
920,380
920,390
920,400
920,410
920,420
920,430
920,440
920,450
920,460
920,470
920,480
920,490
920,500
920,510
920,520
920,530
920,540
920,550
920,560
920,570
920,580
920,590
930,10
930,20
930,30
930,40
930,50
930,60
930,70
930,80
930,90
930,100
930,110
930,120
930,130
930,140
930,150
930,160
930,170
930,180
930,190
930,200
930,210
930,220
930,230
930,240
930,250
930,260
930,270
930,280
930,290
930,300
930,310
930,320
930,330
930,340
930,350
930,360
930,370
930,380
930,390
930,400
930,410
930,420
930,430
930,440
930,450
930,460
930,470
930,480
930,490
930,500
930,510
930,520
930,530
930,540
930,550
930,560
930,570
930,580
930,590
940,10
940,20
940,30
940,40
940,50
940,60
940,70
940,80
940,90
940,100
940,110
940,120
940,130
940,140
940,150
940,160
940,170
940,180
940,190
940,200
940,210
940,220
940,230
940,240
940,250
940,260
940,270
940,280
940,290
940,300
940,310
940,320
940,330
940,340
940,350
940,360
940,370
940,380
940,390
940,400
940,410
940,420
940,430
940,440
940,450
940,460
940,470
940,480
940,490
940,500
940,510
940,520
940,530
940,540
940,550
940,560
940,570
940,580
940,590
950,10
950,20
950,30
950,40
950,50
950,60
950,70
950,80
950,90
950,100
950,110
950,120
950,130
950,140
950,150
950,160
950,170
950,180
950,190
950,200
950,210
950,220
950,230
950,240
950,250
950,260
950,270
950,280
950,290
950,300
950,310
950,320
950,330
950,340
950,350
950,360
950,370
950,380
950,390
950,400
950,410
950,420
950,430
950,440
950,450
950,460
950,470
950,480
950,490
950,500
950,510
950,520
950,530
950,540
950,550
950,560
950,570
950,580
950,590